<?xml version="1.0" encoding="UTF-8" ?>

<!DOCTYPE mapper PUBLIC "-//mybatis.org//DTD Mapper 3.0//EN" "http://mybatis.org/dtd/mybatis-3-mapper.dtd">

<mapper namespace="mapper.mappertempleprogram">
           
          
       
    <insert id="insertTempleProgramOne" parameterType="ModelTemple_Program">
        INSERT INTO 
        TB_Temple_Program (templecd, programname, programtype, programdetail, programprice, maxperson    )
        VALUES       ( #{templecd}, #{programname}, #{programtype} , #{programdetail} , #{programprice}, #{maxperson}   )
    </insert> 
    
    <select id="getTempleProgramTotal" resultType="int">
        SELECT count(*) 
        FROM TB_Temple_program
    </select> 

    <select id="getTempleProgramOne" parameterType="Integer" resultType="ModelTemple_Program">
        SELECT *
          FROM TB_Temple_Program 
         WHERE programno = #{programno}
    </select>
    
    
    <select id="getTempleProgramTop5" resultType="ModelTemple_Program">
        select *
            from TB_Temple_Program 
                order by availabledate asc 
                    LIMIT 5
    </select>
    
    <update id="updateTempleProgram" parameterType="hashmap" >
        UPDATE TB_Temple_Program 
            SET programname   = #{updateprogram}
              , programtype = #{updatertype}
              , programprice  = #{updatepricd}
              , programdetail  = #{updaterdetail}
              , maxperson     = #{updatemaxperson}
            WHERE 1 = 1 
              <if test="searchValue != null and searchValue != ''" >
              AND templecd    = #{searchValue}
              </if>

    </update>
    
    <delete id="templeInfoDelete" parameterType= "ModelTemple_Program">
        DELETE FROM TB_Temple_Program 
         WHERE  programno  = #{programno}
        
    </delete>
    
    <select id="getTempleProgramList" parameterType="hashmap" resultType="ModelTemple_Program">        
         SELECT temp.*
          FROM (
            SELECT @RNUM := @RNUM + 1 AS r, a.* 
            FROM  ( SELECT* FROM tb_temple_program ) a, (SELECT @RNUM:=0) b
          ) temp
        WHERE r BETWEEN #{startValue} AND #{endhValue}
        ORDER BY programname ASC
    </select>
    
 </mapper>
