<?xml version="1.0" encoding="UTF-8" ?>

<!DOCTYPE mapper PUBLIC "-//mybatis.org//DTD Mapper 3.0//EN" "http://mybatis.org/dtd/mybatis-3-mapper.dtd">

<mapper namespace="mapper.mapperuser">

    <select id="idcheck"  resultType="Integer" parameterType="Modeluser" >
        SELECT COUNT(*)
        FROM tb_user 
        WHERE userid = #{userid}
    </select>
    
    <insert id="insertuser" parameterType="Modeluser">
        INSERT INTO 
        tb_user    (   userid   ,userpassword   ,username ,   userphone,    useremail   )
        VALUES       ( #{userid}, #{userpassword}, #{username}, #{userphone}, #{useremail}  )
    </insert>
    
    <select id="login" parameterType="Modeluser" resultType="Modeluser">
        SELECT userid   ,userpassword   ,username ,   userphone,    useremail
        FROM tb_user 
        WHERE userid = #{userid} and userpassword = #{userpassword}
    </select>
    
    
   <update id="edituser" parameterType="Modeluser">
        UPDATE tb_user 
        SET userpassword   = #{userpassword}
              , username     = #{username}
              , userphone = #{userphone}
              , useremail  = #{useremail}
               WHERE userid = #{userid}
    </update>
    
    <update id="outuser" parameterType="Modeluser">
        DELETE FROM tb_user
        WHERE userid = #{userid}
    </update>
    
 </mapper>
