<?xml version="1.0" encoding="UTF-8" ?>

<!DOCTYPE mapper PUBLIC "-//mybatis.org//DTD Mapper 3.0//EN" "http://mybatis.org/dtd/mybatis-3-mapper.dtd">

<mapper namespace="mapper.mappertemple">
           
          
    <insert id="insertTempleOne" parameterType="ModelTemple">
        INSERT INTO 
        TB_Temple (templecd ,templeaddr_postcode,templeaddr_road, templeaddr_jibun ,templephone   )
        VALUES       ( #{templecd}, #{templeaddr_postcode}, #{templeaddr_road}, #{templeaddr_jibun}, #{templephone} )
    </insert> 


    <select id="getTempleOne" parameterType="Integer" resultType="ModelTemple">
        SELECT TB_Temple.templecd, TB_Temple.templeaddr_postcode , TB_Temple.templeaddr_road , TB_Temple.templeaddr_jibun , TB_Temple.templephone
          FROM TB_Temple join tb_temple_program
              on TB_Temple.templecd = tb_temple_program.templecd 
                 where programno = #{programno}
    </select>
    
    <update id="updateTemple" parameterType="hashmap" >
        UPDATE TB_Temple
            SET  templeaddr_postcode = #{updatepostcode}
                , templeaddr_road = #{updateroad}
                , templeaddr_jibun = #{updatejibun}
                , templephone = #{updatephone}
            WHERE templecd    = #{searchValue}

    </update>
    
    <delete id="deleteTemple" parameterType="ModelTemple">
        DELETE FROM TB_Temple
         WHERE 1 = 1 
          <if test="templecd != null and templecd != ''" >
          AND templecd  = #{templecd}
          </if>
          
    </delete>
    
    <select id="getTempleList" resultType="ModelTemple">
        SELECT *
          FROM TB_Temple
        ORDER BY templecd
    </select>  
 </mapper>
